Id,Superclass Id,Name
cb21d02b-c709-4b15-a952-010d1b977931,,Debt
db033bfe-091e-481c-a5c3-abd2c1eda302,,Advisory
db1b30e1-435b-414f-bff0-1e17954144f7,cb21d02b-c709-4b15-a952-010d1b977931,Project Finance
1bc5767a-3e01-4e19-b12e-0d1adb6465e9,cb21d02b-c709-4b15-a952-010d1b977931,Aviation
89388279-d127-4e7a-b7e0-e6b96c19a340,cb21d02b-c709-4b15-a952-010d1b977931,Leveraged Finance
23ac45d7-ddee-44c4-aa91-aeae00d82867,cb21d02b-c709-4b15-a952-010d1b977931,Corporate
d2eddbfc-5e6c-4ca1-9274-e15e2d70497d,cb21d02b-c709-4b15-a952-010d1b977931,Shipping
09ee6467-9253-41f6-9f9d-7ba33ec503ae,cb21d02b-c709-4b15-a952-010d1b977931,ECA
42dce82e-2be8-40bf-8ec6-628150e654d9,cb21d02b-c709-4b15-a952-010d1b977931,Structured Trade Finance
e051f245-385b-4587-9af1-0354308ccbbc,cb21d02b-c709-4b15-a952-010d1b977931,Commodity Finance
7f132ed7-d8f0-4443-9cee-cbe10acdcdea,cb21d02b-c709-4b15-a952-010d1b977931,Securitisation
